name,year,UV_Value
Abazangzuqiangzu,2005-2008 average,196.4258261450189
Abazangzuqiangzu,2009-2012 average,192.38130469079442
Abazangzuqiangzu,2013-2016 average,200.4040242852459
Abazangzuqiangzu,2017-2020 average,208.25851415586382
Akesu,2005-2008 average,173.22483432772862
Akesu,2009-2012 average,172.04666791275812
Akesu,2013-2016 average,173.17729018938053
Akesu,2017-2020 average,181.68363603561946
Alaer,2005-2008 average,173.1853305595238
Alaer,2009-2012 average,172.56357033809522
Alaer,2013-2016 average,169.95653838095237
Alaer,2017-2020 average,179.83416067142858
Alashan,2005-2008 average,179.1710582542126
Alashan,2009-2012 average,178.78344701704722
Alashan,2013-2016 average,180.80541702358266
Alashan,2017-2020 average,191.34638864909448
Aletai,2005-2008 average,167.75684336212672
Aletai,2009-2012 average,167.0094683870357
Aletai,2013-2016 average,164.76641483000728
Aletai,2017-2020 average,170.87554107079387
Ali,2005-2008 average,229.65355940648035
Ali,2009-2012 average,229.00530733759214
Ali,2013-2016 average,231.47789417533784
Ali,2017-2020 average,233.1553797073403
Ankang,2005-2008 average,144.7259701349776
Ankang,2009-2012 average,140.59945061300448
Ankang,2013-2016 average,145.85887621838566
Ankang,2017-2020 average,150.12908635964126
Anqing,2005-2008 average,148.90980662222222
Anqing,2009-2012 average,144.51364352857144
Anqing,2013-2016 average,142.97218483650795
Anqing,2017-2020 average,154.91835767063492
Anshan,2005-2008 average,142.05053605208334
Anshan,2009-2012 average,140.70307008854166
Anshan,2013-2016 average,145.08439261979166
Anshan,2017-2020 average,153.59128231770833
Anshun,2005-2008 average,153.34402365833336
Anshun,2009-2012 average,149.6856647654762
Anshun,2013-2016 average,154.18442634166666
Anshun,2017-2020 average,157.38595172857143
Anyang,2005-2008 average,146.74233404342104
Anyang,2009-2012 average,142.77694166842105
Anyang,2013-2016 average,146.0910064513158
Anyang,2017-2020 average,162.91560390657895
Baicheng,2005-2008 average,153.9851257329932
Baicheng,2009-2012 average,153.95519569421768
Baicheng,2013-2016 average,154.96214372789117
Baicheng,2017-2020 average,160.54419379353743
Baise,2005-2008 average,165.7877899212963
Baise,2009-2012 average,163.74013302685185
Baise,2013-2016 average,167.47260978487654
Baise,2017-2020 average,167.7914696765432
Baishalizu,2005-2008 average,197.97853748421053
Baishalizu,2009-2012 average,196.6313793263158
Baishalizu,2013-2016 average,202.7388140894737
Baishalizu,2017-2020 average,207.34454422631578
Baishan,2005-2008 average,147.62694711794873
Baishan,2009-2012 average,145.39924783435896
Baishan,2013-2016 average,148.26015049384614
Baishan,2017-2020 average,156.9912704302564
Baiyang,2005-2008 average,166.65885297333335
Baiyang,2009-2012 average,165.32619938666667
Baiyang,2013-2016 average,163.51372636
Baiyang,2017-2020 average,167.95130231333331
Baiyin,2005-2008 average,178.74548566009852
Baiyin,2009-2012 average,175.9344692463054
Baiyin,2013-2016 average,179.71338445763547
Baiyin,2017-2020 average,192.8544082142857
Baoding,2005-2008 average,143.88935327061404
Baoding,2009-2012 average,143.02805294342105
Baoding,2013-2016 average,143.2399916732456
Baoding,2017-2020 average,158.50014460131578
Baoji,2005-2008 average,154.00413250231213
Baoji,2009-2012 average,148.95152555260117
Baoji,2013-2016 average,154.85720113179192
Baoji,2017-2020 average,164.90997392774568
Baoshan,2005-2008 average,192.26604809590643
Baoshan,2009-2012 average,194.28341490701754
Baoshan,2013-2016 average,196.02306887017545
Baoshan,2017-2020 average,203.54377979883043
Baotinglizumiaozu,2005-2008 average,200.65862756
Baotinglizumiaozu,2009-2012 average,199.08819601
Baotinglizumiaozu,2013-2016 average,204.87774463
Baotinglizumiaozu,2017-2020 average,208.35706189
Baotou,2005-2008 average,175.53607680802673
Baotou,2009-2012 average,175.73196263076923
Baotou,2013-2016 average,179.39354139531773
Baotou,2017-2020 average,192.93260076153845
Bayannaoer,2005-2008 average,173.46991920028816
Bayannaoer,2009-2012 average,174.0983632221902
Bayannaoer,2013-2016 average,175.5871489350144
Bayannaoer,2017-2020 average,186.63147326397694
Bayinguolengmenggu,2005-2008 average,184.63556219979662
Bayinguolengmenggu,2009-2012 average,182.27570428309943
Bayinguolengmenggu,2013-2016 average,184.29159556813096
Bayinguolengmenggu,2017-2020 average,191.74340897634738
Bazhong,2005-2008 average,136.57359144954955
Bazhong,2009-2012 average,131.2528468198198
Bazhong,2013-2016 average,138.35479640810811
Bazhong,2017-2020 average,141.37408816756758
Beihai,2005-2008 average,189.55435715517243
Beihai,2009-2012 average,186.5802141862069
Beihai,2013-2016 average,189.53715500689657
Beihai,2017-2020 average,195.9728532448276
Beijing,2005-2008 average,146.2752481897143
Beijing,2009-2012 average,145.77570293028572
Beijing,2013-2016 average,146.24085789999998
Beijing,2017-2020 average,158.84114159028573
Beitun,2005-2008 average,166.8867416090909
Beitun,2009-2012 average,166.62127752727272
Beitun,2013-2016 average,162.6603092727273
Beitun,2017-2020 average,164.78625909090908
Bengbu,2005-2008 average,146.56920205333333
Bengbu,2009-2012 average,143.74036104666666
Bengbu,2013-2016 average,146.22828854666668
Bengbu,2017-2020 average,160.48986702833332
Benxi,2005-2008 average,143.98349354333334
Benxi,2009-2012 average,141.7606548
Benxi,2013-2016 average,147.4508158
Benxi,2017-2020 average,154.56511901444443
Bijie,2005-2008 average,146.63363516408162
Bijie,2009-2012 average,145.24825388122449
Bijie,2013-2016 average,148.62027580081633
Bijie,2017-2020 average,153.14846848653062
Binzhou,2005-2008 average,132.98442212441861
Binzhou,2009-2012 average,128.81092517093023
Binzhou,2013-2016 average,133.39851005697673
Binzhou,2017-2020 average,149.9043905476744
Boertalamenggu,2005-2008 average,174.48545672644926
Boertalamenggu,2009-2012 average,172.22596918804348
Boertalamenggu,2013-2016 average,170.2850979768116
Boertalamenggu,2017-2020 average,176.76932541485507
Bozhou,2005-2008 average,147.070158875
Bozhou,2009-2012 average,143.85874332619048
Bozhou,2013-2016 average,148.38260465238096
Bozhou,2017-2020 average,163.4005944702381
Cangzhou,2005-2008 average,129.23011506438354
Cangzhou,2009-2012 average,127.17054927739727
Cangzhou,2013-2016 average,129.63467245547943
Cangzhou,2017-2020 average,145.58229222123288
Changchun,2005-2008 average,148.72190187446043
Changchun,2009-2012 average,148.76466493165466
Changchun,2013-2016 average,150.90337931654676
Changchun,2017-2020 average,154.83606189532375
Changde,2005-2008 average,140.55661250584794
Changde,2009-2012 average,137.08979114619885
Changde,2013-2016 average,138.24381174736843
Changde,2017-2020 average,146.49668749239765
Changdu,2005-2008 average,236.15614588938223
Changdu,2009-2012 average,234.91064515859074
Changdu,2013-2016 average,234.98606281534748
Changdu,2017-2020 average,239.5373490111969
Changjianglizu,2005-2008 average,210.04838492857144
Changjianglizu,2009-2012 average,207.26123382142856
Changjianglizu,2013-2016 average,213.10389373571428
Changjianglizu,2017-2020 average,218.67407158571427
Changjihuizu,2005-2008 average,175.28038994585367
Changjihuizu,2009-2012 average,174.49807825548783
Changjihuizu,2013-2016 average,172.42021598731708
Changjihuizu,2017-2020 average,179.98121877426829
Changsha,2005-2008 average,143.64349570291262
Changsha,2009-2012 average,138.68443654660194
Changsha,2013-2016 average,139.98532258446602
Changsha,2017-2020 average,149.09555030097087
Changzhi,2005-2008 average,155.849072835
Changzhi,2009-2012 average,152.7476003657143
Changzhi,2013-2016 average,153.45361684785715
Changzhi,2017-2020 average,170.84483579785714
Changzhou,2005-2008 average,147.97686760454545
Changzhou,2009-2012 average,143.54644906136363
Changzhou,2013-2016 average,142.69779246136363
Changzhou,2017-2020 average,156.05273970227273
Chaoyang,2005-2008 average,157.72653011074766
Chaoyang,2009-2012 average,156.56476326915887
Chaoyang,2013-2016 average,158.75168254345795
Chaoyang,2017-2020 average,169.90265217616823
Chaozhou,2005-2008 average,173.26463678928573
Chaozhou,2009-2012 average,174.68197366428572
Chaozhou,2013-2016 average,175.01673170714284
Chaozhou,2017-2020 average,191.13546684642856
Chengde,2005-2008 average,157.29508235825475
Chengde,2009-2012 average,157.08993883867925
Chengde,2013-2016 average,157.75100381556607
Chengde,2017-2020 average,170.78600977665093
Chengdu,2005-2008 average,141.1754040706767
Chengdu,2009-2012 average,134.77688937142855
Chengdu,2013-2016 average,142.11794729323307
Chengdu,2017-2020 average,146.91409204812032
Chengmai,2005-2008 average,197.79077105294118
Chengmai,2009-2012 average,194.53546639411766
Chengmai,2013-2016 average,202.1532998235294
Chengmai,2017-2020 average,206.8388786882353
Chenzhou,2005-2008 average,148.9063308586207
Chenzhou,2009-2012 average,147.7537365821839
Chenzhou,2013-2016 average,147.92712725
Chenzhou,2017-2020 average,157.9319204183908
Chifeng,2005-2008 average,164.17991308592283
Chifeng,2009-2012 average,164.24938392648593
Chifeng,2013-2016 average,164.8880449295099
Chifeng,2017-2020 average,176.35308112377479
Chizhou,2005-2008 average,150.96842975802468
Chizhou,2009-2012 average,147.38328896666667
Chizhou,2013-2016 average,144.66081502592593
Chizhou,2017-2020 average,156.14690017160495
Chongqing,2005-2008 average,133.56280798252934
Chongqing,2009-2012 average,129.37159719191655
Chongqing,2013-2016 average,133.27708258083442
Chongqing,2017-2020 average,136.296202925163
Chongzuo,2005-2008 average,164.21470610333333
Chongzuo,2009-2012 average,162.06459312066667
Chongzuo,2013-2016 average,164.06501486466667
Chongzuo,2017-2020 average,165.89722647866665
Chuxiongyizu,2005-2008 average,196.25349575328184
Chuxiongyizu,2009-2012 average,200.4550881969112
Chuxiongyizu,2013-2016 average,203.9602444127413
Chuxiongyizu,2017-2020 average,214.91379205405406
Chuzhou,2005-2008 average,149.01276689609375
Chuzhou,2009-2012 average,146.285044125
Chuzhou,2013-2016 average,146.8340254640625
Chuzhou,2017-2020 average,161.02938971328126
Dalian,2005-2008 average,148.58724940507247
Dalian,2009-2012 average,146.51593377391305
Dalian,2013-2016 average,150.24708961666667
Dalian,2017-2020 average,160.0552634463768
Dalibaizu,2005-2008 average,204.10358558360002
Dalibaizu,2009-2012 average,205.50451498159998
Dalibaizu,2013-2016 average,207.671984374
Dalibaizu,2017-2020 average,218.34180786160002
Dandong,2005-2008 average,141.41633284
Dandong,2009-2012 average,139.92051678645163
Dandong,2013-2016 average,145.5202224419355
Dandong,2017-2020 average,151.90322840387097
Danzhou,2005-2008 average,201.76116406428574
Danzhou,2009-2012 average,198.77302521071428
Danzhou,2013-2016 average,204.84384252857143
Danzhou,2017-2020 average,211.3530456392857
Daqing,2005-2008 average,149.15778412398373
Daqing,2009-2012 average,149.30175212439022
Daqing,2013-2016 average,149.7551420296748
Daqing,2017-2020 average,154.07534971666666
Datong,2005-2008 average,169.47148463401362
Datong,2009-2012 average,168.0185317435374
Datong,2013-2016 average,171.44734911156462
Datong,2017-2020 average,188.94192773197278
Daxinganling,2005-2008 average,130.88820839553466
Daxinganling,2009-2012 average,130.11597861927146
Daxinganling,2013-2016 average,128.73351811821385
Daxinganling,2017-2020 average,129.21679781786133
Dazhou,2005-2008 average,135.66810338414632
Dazhou,2009-2012 average,131.15445939999998
Dazhou,2013-2016 average,136.97815504939024
Dazhou,2017-2020 average,139.04474094939025
Dehongdaizujingpozu,2005-2008 average,190.23208503333333
Dehongdaizujingpozu,2009-2012 average,192.10657612222224
Dehongdaizujingpozu,2013-2016 average,193.01034877373738
Dehongdaizujingpozu,2017-2020 average,197.7165392868687
Deyang,2005-2008 average,140.23522266440676
Deyang,2009-2012 average,133.64251927457627
Deyang,2013-2016 average,142.33733145423727
Deyang,2017-2020 average,147.30493497118644
Dezhou,2005-2008 average,139.23863136285715
Dezhou,2009-2012 average,136.20179554
Dezhou,2013-2016 average,142.22314171238096
Dezhou,2017-2020 average,162.4913573504762
Dingan,2005-2008 average,196.52788864
Dingan,2009-2012 average,193.18539052
Dingan,2013-2016 average,200.86142064999999
Dingan,2017-2020 average,203.38180133
Dingxi,2005-2008 average,176.04688244322915
Dingxi,2009-2012 average,171.7205941770833
Dingxi,2013-2016 average,175.693683003125
Dingxi,2017-2020 average,188.0904162958333
Diqingzangzu,2005-2008 average,215.25542832748815
Diqingzangzu,2009-2012 average,211.65774512037913
Diqingzangzu,2013-2016 average,215.58988071090047
Diqingzangzu,2017-2020 average,223.72425806445497
Dongfang,2005-2008 average,215.23258478421053
Dongfang,2009-2012 average,212.66581997894738
Dongfang,2013-2016 average,217.73077286315788
Dongfang,2017-2020 average,223.44190723157897
Dongguan,2005-2008 average,181.5551682
Dongguan,2009-2012 average,181.385879545
Dongguan,2013-2016 average,182.05210362999998
Dongguan,2017-2020 average,195.875119665
Dongying,2005-2008 average,146.28973590923076
Dongying,2009-2012 average,141.72746810153845
Dongying,2013-2016 average,146.02082116307693
Dongying,2017-2020 average,160.39938136615385
Eerduosi,2005-2008 average,178.8779458455947
Eerduosi,2009-2012 average,177.8701096226872
Eerduosi,2013-2016 average,182.8937362790749
Eerduosi,2017-2020 average,198.20605504592513
Enshitujiazumiaozu,2005-2008 average,134.44863113214285
Enshitujiazumiaozu,2009-2012 average,130.5003833236607
Enshitujiazumiaozu,2013-2016 average,132.01909541294643
Enshitujiazumiaozu,2017-2020 average,135.81521278348214
Ezhou,2005-2008 average,148.68067069285715
Ezhou,2009-2012 average,142.8500789357143
Ezhou,2013-2016 average,144.67098247857143
Ezhou,2017-2020 average,157.1227005642857
Fangchenggang,2005-2008 average,170.04498892075472
Fangchenggang,2009-2012 average,168.25895641509433
Fangchenggang,2013-2016 average,170.0209246773585
Fangchenggang,2017-2020 average,174.8179926735849
Foshan,2005-2008 average,165.91313011944445
Foshan,2009-2012 average,164.92995553055556
Foshan,2013-2016 average,166.003141875
Foshan,2017-2020 average,176.65819769444445
Fushun,2005-2008 average,145.60698693225808
Fushun,2009-2012 average,143.0072238919355
Fushun,2013-2016 average,148.79956066935483
Fushun,2017-2020 average,156.75050658064518
Fuxin,2005-2008 average,156.22997602894736
Fuxin,2009-2012 average,154.18469839298245
Fuxin,2013-2016 average,157.4754618394737
Fuxin,2017-2020 average,166.5489175008772
Fuyang,2005-2008 average,146.87071964444445
Fuyang,2009-2012 average,143.77992465050505
Fuyang,2013-2016 average,147.27220771414142
Fuyang,2017-2020 average,162.62204747171717
Fuzhou,2005-2008 average,155.34037206532847
Fuzhou,2009-2012 average,154.29465763832118
Fuzhou,2013-2016 average,154.11060532262775
Fuzhou,2017-2020 average,165.2834537978102
Gannanzangzu,2005-2008 average,188.79748623314606
Gannanzangzu,2009-2012 average,185.36903463370786
Gannanzangzu,2013-2016 average,192.87813363146068
Gannanzangzu,2017-2020 average,202.01524118651687
Ganzhou,2005-2008 average,155.68053660113313
Ganzhou,2009-2012 average,156.7576686654391
Ganzhou,2013-2016 average,155.12511492209632
Ganzhou,2017-2020 average,166.7884376815864
Ganzizangzu,2005-2008 average,222.25155430269504
Ganzizangzu,2009-2012 average,220.97077861085108
Ganzizangzu,2013-2016 average,224.94955927347516
Ganzizangzu,2017-2020 average,230.19834206049646
Guangan,2005-2008 average,129.9944973
Guangan,2009-2012 average,126.24690026610169
Guangan,2013-2016 average,131.99786847627118
Guangan,2017-2020 average,135.52497683728814
Guangyuan,2005-2008 average,137.93024564615385
Guangyuan,2009-2012 average,131.14271110641025
Guangyuan,2013-2016 average,138.55872818653845
Guangyuan,2017-2020 average,142.76101327820513
Guangzhou,2005-2008 average,169.39087181967213
Guangzhou,2009-2012 average,168.8126273114754
Guangzhou,2013-2016 average,168.25111464262295
Guangzhou,2017-2020 average,181.968362152459
Guigang,2005-2008 average,161.1711666494737
Guigang,2009-2012 average,160.63772609999998
Guigang,2013-2016 average,161.54551769894735
Guigang,2017-2020 average,167.6346700863158
Guilin,2005-2008 average,145.2186399856
Guilin,2009-2012 average,143.1817211952
Guilin,2013-2016 average,142.24198858239998
Guilin,2017-2020 average,149.3317266132
Guiyang,2005-2008 average,141.5128775208333
Guiyang,2009-2012 average,136.89294767916667
Guiyang,2013-2016 average,140.17019356944445
Guiyang,2017-2020 average,144.1685338013889
Guoluozangzu,2005-2008 average,211.46243778331052
Guoluozangzu,2009-2012 average,210.46449689288644
Guoluozangzu,2013-2016 average,216.68434296990424
Guoluozangzu,2017-2020 average,224.2952467281806
Guyuan,2005-2008 average,168.77187263981483
Guyuan,2009-2012 average,163.75472669814815
Guyuan,2013-2016 average,168.43349284814815
Guyuan,2017-2020 average,181.21508587870372
Haerbin,2005-2008 average,144.2163267565074
Haerbin,2009-2012 average,142.8770371970346
Haerbin,2013-2016 average,143.5224949609555
Haerbin,2017-2020 average,146.63061278319606
Haibeizangzu,2005-2008 average,190.59893119683906
Haibeizangzu,2009-2012 average,188.20210032729884
Haibeizangzu,2013-2016 average,196.41608545545975
Haibeizangzu,2017-2020 average,209.5559084566092
Haidong,2005-2008 average,187.0976810223077
Haidong,2009-2012 average,183.65303107538463
Haidong,2013-2016 average,189.30500514076923
Haidong,2017-2020 average,203.70200322615386
Haikou,2005-2008 average,202.26479235294119
Haikou,2009-2012 average,198.37422550588235
Haikou,2013-2016 average,205.0919533764706
Haikou,2017-2020 average,208.69120207647057
Hainanzangzu,2005-2008 average,200.0252016678082
Hainanzangzu,2009-2012 average,197.59370208036532
Hainanzangzu,2013-2016 average,204.38518825502285
Hainanzangzu,2017-2020 average,215.67512190684934
Haiximengguzuzangzu,2005-2008 average,203.28804640285622
Haiximengguzuzangzu,2009-2012 average,202.00589059556793
Haiximengguzuzangzu,2013-2016 average,207.17173330029547
Haiximengguzuzangzu,2017-2020 average,215.26682789514118
Hami,2005-2008 average,184.45398248555333
Hami,2009-2012 average,184.10481978919816
Hami,2013-2016 average,183.22830444831013
Hami,2017-2020 average,192.7973665303512
Handan,2005-2008 average,146.96550306033058
Handan,2009-2012 average,142.78709210247933
Handan,2013-2016 average,145.57209771239667
Handan,2017-2020 average,163.20059495702478
Hangzhou,2005-2008 average,149.6022914512987
Hangzhou,2009-2012 average,146.38231822402597
Hangzhou,2013-2016 average,143.99962743506492
Hangzhou,2017-2020 average,153.26634304025976
Hanzhong,2005-2008 average,143.8949051775281
Hanzhong,2009-2012 average,137.65761647453184
Hanzhong,2013-2016 average,144.4107874861423
Hanzhong,2017-2020 average,149.8482896329588
Hebi,2005-2008 average,144.87049364
Hebi,2009-2012 average,140.52481430999998
Hebi,2013-2016 average,144.20495601
Hebi,2017-2020 average,161.81862920999998
Hechi,2005-2008 average,151.64280997892976
Hechi,2009-2012 average,149.5302810140468
Hechi,2013-2016 average,150.81134530501672
Hechi,2017-2020 average,152.5351028685619
Hefei,2005-2008 average,148.34119343963965
Hefei,2009-2012 average,144.4835826882883
Hefei,2013-2016 average,143.24603156306307
Hefei,2017-2020 average,158.49606316576578
Hegang,2005-2008 average,139.9176307252809
Hegang,2009-2012 average,138.9574202719101
Hegang,2013-2016 average,138.19765188202248
Hegang,2017-2020 average,139.3801155039326
Heihe,2005-2008 average,138.15743160423216
Heihe,2009-2012 average,137.67219545586457
Heihe,2013-2016 average,135.77001160423217
Heihe,2017-2020 average,137.76630222781137
Hengshui,2005-2008 average,143.05285505113636
Hengshui,2009-2012 average,140.64039039204545
Hengshui,2013-2016 average,145.25398994545455
Hengshui,2017-2020 average,163.28559649318183
Hengyang,2005-2008 average,145.472254695
Hengyang,2009-2012 average,142.2003097257143
Hengyang,2013-2016 average,144.21796794285714
Hengyang,2017-2020 average,152.92871757857142
Hetian,2005-2008 average,190.12183524770643
Hetian,2009-2012 average,188.00070198232947
Hetian,2013-2016 average,191.25216676808935
Hetian,2017-2020 average,197.69950180622257
Heyuan,2005-2008 average,162.94152751014494
Heyuan,2009-2012 average,164.3706720978261
Heyuan,2013-2016 average,162.91977207391304
Heyuan,2017-2020 average,177.16045534275364
Heze,2005-2008 average,145.02091162213114
Heze,2009-2012 average,141.8214716057377
Heze,2013-2016 average,148.611695097541
Heze,2017-2020 average,162.72139015737704
Hezhou,2005-2008 average,151.72222611809525
Hezhou,2009-2012 average,149.4079959752381
Hezhou,2013-2016 average,149.95455447047618
Hezhou,2017-2020 average,159.0194180247619
HongKong,2005-2008 average,185.4618349
HongKong,2009-2012 average,186.5912946125
HongKong,2013-2016 average,188.132304625
HongKong,2017-2020 average,205.3737475875
Honghehanizuyizu,2005-2008 average,184.21299348943663
Honghehanizuyizu,2009-2012 average,187.74776223450704
Honghehanizuyizu,2013-2016 average,192.56663522112677
Honghehanizuyizu,2017-2020 average,197.87305563204225
Huaian,2005-2008 average,144.46344490729166
Huaian,2009-2012 average,142.43935491354168
Huaian,2013-2016 average,144.62968714895834
Huaian,2017-2020 average,155.52186727708332
Huaibei,2005-2008 average,147.38529534285712
Huaibei,2009-2012 average,144.18256146428573
Huaibei,2013-2016 average,148.5888274107143
Huaibei,2017-2020 average,163.77081690357141
Huaihua,2005-2008 average,139.8153278059524
Huaihua,2009-2012 average,135.78630785515873
Huaihua,2013-2016 average,136.80445164880953
Huaihua,2017-2020 average,142.2767782888889
Huainan,2005-2008 average,148.60976275185183
Huainan,2009-2012 average,145.14749947222222
Huainan,2013-2016 average,146.23298427777777
Huainan,2017-2020 average,162.45084103703704
Huanggang,2005-2008 average,150.77290881257485
Huanggang,2009-2012 average,145.81483952275448
Huanggang,2013-2016 average,146.33145916586827
Huanggang,2017-2020 average,157.92940746407186
Huangnanzangzu,2005-2008 average,192.98891981222224
Huangnanzangzu,2009-2012 average,189.943124265
Huangnanzangzu,2013-2016 average,198.12692833833333
Huangnanzangzu,2017-2020 average,206.43601106555556
Huangshan,2005-2008 average,151.1995506419355
Huangshan,2009-2012 average,148.7937842731183
Huangshan,2013-2016 average,145.44175282258064
Huangshan,2017-2020 average,155.09949190860215
Huangshi,2005-2008 average,147.4902990232558
Huangshi,2009-2012 average,142.35710557674417
Huangshi,2013-2016 average,142.68964897906974
Huangshi,2017-2020 average,153.7747310883721
Huhehaote,2005-2008 average,172.4286570972826
Huhehaote,2009-2012 average,171.29344307717392
Huhehaote,2013-2016 average,175.60039501086956
Huhehaote,2017-2020 average,191.01808567010872
Huizhou,2005-2008 average,168.02181416831684
Huizhou,2009-2012 average,169.4349801009901
Huizhou,2013-2016 average,168.7319942990099
Huizhou,2017-2020 average,184.39120224851484
Huludao,2005-2008 average,150.66470118899085
Huludao,2009-2012 average,149.5110579669725
Huludao,2013-2016 average,153.0184213091743
Huludao,2017-2020 average,163.6289877825688
Hulunbeier,2005-2008 average,140.91955326493013
Hulunbeier,2009-2012 average,140.92179227966963
Hulunbeier,2013-2016 average,138.17140584609277
Hulunbeier,2017-2020 average,142.32416679860228
Huyanghe,2005-2008 average,171.1838033785714
Huyanghe,2009-2012 average,169.7809721642857
Huyanghe,2013-2016 average,166.93281989285714
Huyanghe,2017-2020 average,169.67528752142857
Huzhou,2005-2008 average,149.29086850701756
Huzhou,2009-2012 average,144.66739520350876
Huzhou,2013-2016 average,142.9056857894737
Huzhou,2017-2020 average,154.0304681736842
Jiamusi,2005-2008 average,143.3087771672544
Jiamusi,2009-2012 average,142.27779019294712
Jiamusi,2013-2016 average,142.29819721536524
Jiamusi,2017-2020 average,141.54106733198992
Jian,2005-2008 average,148.77578347772925
Jian,2009-2012 average,147.64855435065502
Jian,2013-2016 average,147.90064543842794
Jian,2017-2020 average,157.00211453668123
Jiangmen,2005-2008 average,173.07914268125
Jiangmen,2009-2012 average,171.88118704000001
Jiangmen,2013-2016 average,174.47783722875
Jiangmen,2017-2020 average,184.1097648975
Jiaozuo,2005-2008 average,145.04121837948716
Jiaozuo,2009-2012 average,138.78828265128206
Jiaozuo,2013-2016 average,142.98070914102564
Jiaozuo,2017-2020 average,160.0301928923077
Jiaxing,2005-2008 average,151.08798776666669
Jiaxing,2009-2012 average,146.0032944638889
Jiaxing,2013-2016 average,145.21290971944444
Jiaxing,2017-2020 average,155.43955966666667
Jiayuguan,2005-2008 average,190.0441858
Jiayuguan,2009-2012 average,189.79723006
Jiayuguan,2013-2016 average,194.14166819333335
Jiayuguan,2017-2020 average,205.50448245333334
Jieyang,2005-2008 average,175.6515058847826
Jieyang,2009-2012 average,177.44999340434782
Jieyang,2013-2016 average,177.97193927173913
Jieyang,2017-2020 average,193.39805104347823
Jilin,2005-2008 average,146.62646319446253
Jilin,2009-2012 average,145.46131923420197
Jilin,2013-2016 average,147.77645112475568
Jilin,2017-2020 average,151.83690034690554
Jinan,2005-2008 average,144.6599110217822
Jinan,2009-2012 average,140.5921767821782
Jinan,2013-2016 average,146.6650497960396
Jinan,2017-2020 average,163.26210802871287
Jinchang,2005-2008 average,187.98914227179486
Jinchang,2009-2012 average,186.75640157179487
Jinchang,2013-2016 average,190.9485692076923
Jinchang,2017-2020 average,204.57995568717948
Jincheng,2005-2008 average,154.67041918936172
Jincheng,2009-2012 average,149.55787132234042
Jincheng,2013-2016 average,151.62636225957445
Jincheng,2017-2020 average,168.34660778404256
Jingdezhen,2005-2008 average,152.15812662978723
Jingdezhen,2009-2012 average,149.7479028638298
Jingdezhen,2013-2016 average,148.41292079787232
Jingdezhen,2017-2020 average,157.94521775957446
Jingmen,2005-2008 average,147.23287334237287
Jingmen,2009-2012 average,143.93977898474577
Jingmen,2013-2016 average,145.87686920169492
Jingmen,2017-2020 average,156.7178588432203
Jingzhou,2005-2008 average,146.9381688030303
Jingzhou,2009-2012 average,142.96819995
Jingzhou,2013-2016 average,144.2638286621212
Jingzhou,2017-2020 average,154.68658201363635
Jinhua,2005-2008 average,150.9675747382353
Jinhua,2009-2012 average,147.75268635686274
Jinhua,2013-2016 average,146.9715653627451
Jinhua,2017-2020 average,156.29902356862746
Jining,2005-2008 average,144.29170824907408
Jining,2009-2012 average,141.45346641296297
Jining,2013-2016 average,148.17520339351853
Jining,2017-2020 average,163.08234371666666
Jinzhong,2005-2008 average,159.98118341011906
Jinzhong,2009-2012 average,156.99761813928572
Jinzhong,2013-2016 average,157.8403741970238
Jinzhong,2017-2020 average,175.07423867380953
Jinzhou,2005-2008 average,146.5984973119266
Jinzhou,2009-2012 average,144.31961690733945
Jinzhou,2013-2016 average,148.51937715963302
Jinzhou,2017-2020 average,158.66471952018347
Jiujiang,2005-2008 average,148.47587309152541
Jiujiang,2009-2012 average,144.4086778440678
Jiujiang,2013-2016 average,143.8685882276836
Jiujiang,2017-2020 average,153.42844780282488
Jiuquan,2005-2008 average,191.85622305365024
Jiuquan,2009-2012 average,191.03544293248444
Jiuquan,2013-2016 average,194.56479503542727
Jiuquan,2017-2020 average,205.79430468404072
Jixi,2005-2008 average,145.43808386835937
Jixi,2009-2012 average,143.78918881640624
Jixi,2013-2016 average,144.8027417359375
Jixi,2017-2020 average,146.41410941289064
Jiyuan,2005-2008 average,147.86847115789473
Jiyuan,2009-2012 average,142.4445590263158
Jiyuan,2013-2016 average,146.57861322105262
Jiyuan,2017-2020 average,160.72483305263157
Kaifeng,2005-2008 average,146.71623489333334
Kaifeng,2009-2012 average,142.66875969
Kaifeng,2013-2016 average,149.29805984666666
Kaifeng,2017-2020 average,164.260295125
Kashi,2005-2008 average,196.25861292217314
Kashi,2009-2012 average,195.32359591749116
Kashi,2013-2016 average,199.3084116065371
Kashi,2017-2020 average,209.13171663445232
Kekedala,2005-2008 average,179.33104505
Kekedala,2009-2012 average,177.68908961
Kekedala,2013-2016 average,176.62101123
Kekedala,2017-2020 average,180.89640469
Kelamayi,2005-2008 average,169.39588819390244
Kelamayi,2009-2012 average,167.40025221341463
Kelamayi,2013-2016 average,166.34646670731706
Kelamayi,2017-2020 average,169.0795876097561
Kezilesukeerkezi,2005-2008 average,196.4104530857337
Kezilesukeerkezi,2009-2012 average,194.62136372975542
Kezilesukeerkezi,2013-2016 average,199.95267108206522
Kezilesukeerkezi,2017-2020 average,212.92568086480978
Kunming,2005-2008 average,190.23005840894734
Kunming,2009-2012 average,192.78036614052633
Kunming,2013-2016 average,196.98554892631577
Kunming,2017-2020 average,207.00911983842104
Kunyu,2005-2008 average,179.92814763333334
Kunyu,2009-2012 average,177.90501228333332
Kunyu,2013-2016 average,180.83063403333333
Kunyu,2017-2020 average,190.81279803333334
Laibin,2005-2008 average,158.46462533706895
Laibin,2009-2012 average,156.74539109913795
Laibin,2013-2016 average,157.6664908689655
Laibin,2017-2020 average,162.69946969655174
Langfang,2005-2008 average,126.73140747142858
Langfang,2009-2012 average,126.34482011857142
Langfang,2013-2016 average,127.82222462857142
Langfang,2017-2020 average,144.12683522857142
Lanzhou,2005-2008 average,181.03378636439396
Lanzhou,2009-2012 average,177.93833379621213
Lanzhou,2013-2016 average,181.09700711060606
Lanzhou,2017-2020 average,195.68101340757576
Lasa,2005-2008 average,239.04425136249998
Lasa,2009-2012 average,236.9880301935714
Lasa,2013-2016 average,238.53041009000003
Lasa,2017-2020 average,240.68319068785712
Ledonglizu,2005-2008 average,212.49172515909092
Ledonglizu,2009-2012 average,210.35843162727272
Ledonglizu,2013-2016 average,215.66050905454543
Ledonglizu,2017-2020 average,219.82451509090907
Leshan,2005-2008 average,132.30547279327732
Leshan,2009-2012 average,128.67980178067225
Leshan,2013-2016 average,132.2953303529412
Leshan,2017-2020 average,136.34917822184875
Liangshanyizu,2005-2008 average,195.16392987259528
Liangshanyizu,2009-2012 average,193.54936718983666
Liangshanyizu,2013-2016 average,197.54004693756804
Liangshanyizu,2017-2020 average,205.86352367332123
Lianyungang,2005-2008 average,154.25424597260272
Lianyungang,2009-2012 average,152.9222626547945
Lianyungang,2013-2016 average,156.40150496575342
Lianyungang,2017-2020 average,165.85265808767124
Liaocheng,2005-2008 average,143.17612210114942
Liaocheng,2009-2012 average,139.50834899310345
Liaocheng,2013-2016 average,145.41631255172413
Liaocheng,2017-2020 average,164.55178512873565
Liaoyang,2005-2008 average,141.15513795576925
Liaoyang,2009-2012 average,139.53106010192306
Liaoyang,2013-2016 average,144.98113985576921
Liaoyang,2017-2020 average,154.3908639153846
Liaoyuan,2005-2008 average,149.25368158214286
Liaoyuan,2009-2012 average,147.93902360178572
Liaoyuan,2013-2016 average,151.48753262857144
Liaoyuan,2017-2020 average,158.07808804285716
Lijiang,2005-2008 average,215.04840752500002
Lijiang,2009-2012 average,214.199631203125
Lijiang,2013-2016 average,218.49707395781252
Lijiang,2017-2020 average,229.18261591875
Lincang,2005-2008 average,192.52348950428572
Lincang,2009-2012 average,196.95153947809524
Lincang,2013-2016 average,199.07506712095238
Lincang,2017-2020 average,206.96709728380952
Linfen,2005-2008 average,157.79562519121953
Linfen,2009-2012 average,154.47575542292682
Linfen,2013-2016 average,156.69085619658537
Linfen,2017-2020 average,173.47068724536587
Lingao,2005-2008 average,200.07383593
Lingao,2009-2012 average,196.59673482
Lingao,2013-2016 average,203.23368322000002
Lingao,2017-2020 average,210.01392535
Lingshuilizu,2005-2008 average,212.5489135111111
Lingshuilizu,2009-2012 average,209.4732004777778
Lingshuilizu,2013-2016 average,214.89791309999998
Lingshuilizu,2017-2020 average,220.20990658888888
Linxiahuizu,2005-2008 average,178.17067259382716
Linxiahuizu,2009-2012 average,175.16151221234568
Linxiahuizu,2013-2016 average,179.65945293333334
Linxiahuizu,2017-2020 average,193.67933366296296
Linyi,2005-2008 average,147.22088866058823
Linyi,2009-2012 average,145.49041229411765
Linyi,2013-2016 average,150.81819097117645
Linyi,2017-2020 average,164.00391810588235
Linzhi,2005-2008 average,210.86513681400376
Linzhi,2009-2012 average,206.28614389896617
Linzhi,2013-2016 average,208.70004308890975
Linzhi,2017-2020 average,211.39698871832707
Lishui,2005-2008 average,152.8019673789809
Lishui,2009-2012 average,150.16405137070063
Lishui,2013-2016 average,149.01847285987262
Lishui,2017-2020 average,159.57173076178344
Liuan,2005-2008 average,149.0286414351724
Liuan,2009-2012 average,144.54624268344827
Liuan,2013-2016 average,145.5899120062069
Liuan,2017-2020 average,158.79436718689655
Liupanshui,2005-2008 average,152.24968219333334
Liupanshui,2009-2012 average,151.57163525444443
Liupanshui,2013-2016 average,155.5385392277778
Liupanshui,2017-2020 average,161.0756920388889
Liuzhou,2005-2008 average,149.18267249390243
Liuzhou,2009-2012 average,146.9581990664634
Liuzhou,2013-2016 average,147.39266870853658
Liuzhou,2017-2020 average,151.58455138719512
Longnan,2005-2008 average,155.1403942585185
Longnan,2009-2012 average,148.3865629037037
Longnan,2013-2016 average,155.1781631451852
Longnan,2017-2020 average,163.41463947925925
Longyan,2005-2008 average,159.18235089940828
Longyan,2009-2012 average,161.1466648928994
Longyan,2013-2016 average,159.93960183964498
Longyan,2017-2020 average,172.65359361242605
Loudi,2005-2008 average,141.71210767432433
Loudi,2009-2012 average,138.1011981581081
Loudi,2013-2016 average,138.71430199324323
Loudi,2017-2020 average,146.07654640270272
Luohe,2005-2008 average,145.70235228571428
Luohe,2009-2012 average,143.17874523214286
Luohe,2013-2016 average,148.330905325
Luohe,2017-2020 average,161.0508121607143
Luoyang,2005-2008 average,150.32745926711408
Luoyang,2009-2012 average,146.37990383154363
Luoyang,2013-2016 average,151.0043436885906
Luoyang,2017-2020 average,163.16391828859062
Luzhou,2005-2008 average,132.3206070263158
Luzhou,2009-2012 average,128.300584127193
Luzhou,2013-2016 average,132.52217470789475
Luzhou,2017-2020 average,136.73231043421052
Lüliang,2005-2008 average,166.294054667757
Lüliang,2009-2012 average,164.67041390700933
Lüliang,2013-2016 average,167.86897474766354
Lüliang,2017-2020 average,184.4379292004673
Maanshan,2005-2008 average,143.660969195
Maanshan,2009-2012 average,139.716989795
Maanshan,2013-2016 average,137.8093809425
Maanshan,2017-2020 average,152.21539794749998
Macao,2005-2008 average,
Macao,2009-2012 average,
Macao,2013-2016 average,
Macao,2017-2020 average,
Maoming,2005-2008 average,174.62532515454546
Maoming,2009-2012 average,172.67172074949497
Maoming,2013-2016 average,176.07975267878788
Maoming,2017-2020 average,184.06411814646466
Meishan,2005-2008 average,134.86435451044775
Meishan,2009-2012 average,130.6081388925373
Meishan,2013-2016 average,136.55975108507462
Meishan,2017-2020 average,141.62444084776118
Meizhou,2005-2008 average,164.25040686319443
Meizhou,2009-2012 average,166.3618261986111
Meizhou,2013-2016 average,165.61242715625
Meizhou,2017-2020 average,180.50505321597223
Mianyang,2005-2008 average,142.00053739319372
Mianyang,2009-2012 average,135.77778111308902
Mianyang,2013-2016 average,142.93490985183246
Mianyang,2017-2020 average,149.46584537120418
Mudanjiang,2005-2008 average,146.07430170472972
Mudanjiang,2009-2012 average,144.26939791103604
Mudanjiang,2013-2016 average,146.17245670495495
Mudanjiang,2017-2020 average,149.23268058310813
Nanchang,2005-2008 average,152.13893131044776
Nanchang,2009-2012 average,148.46296693731344
Nanchang,2013-2016 average,148.92198011791046
Nanchang,2017-2020 average,159.6592219686567
Nanchong,2005-2008 average,132.8772377279661
Nanchong,2009-2012 average,128.3213418076271
Nanchong,2013-2016 average,135.00058005677965
Nanchong,2017-2020 average,139.72892314067798
Nanjing,2005-2008 average,144.95883777833333
Nanjing,2009-2012 average,141.616673155
Nanjing,2013-2016 average,141.71079824333336
Nanjing,2017-2020 average,156.05639916500002
Nanning,2005-2008 average,161.0325439075377
Nanning,2009-2012 average,159.52012492462313
Nanning,2013-2016 average,160.62423092713567
Nanning,2017-2020 average,164.1412018482412
Nanping,2005-2008 average,153.6909444164609
Nanping,2009-2012 average,152.95572358065846
Nanping,2013-2016 average,151.74217111316872
Nanping,2017-2020 average,163.38654904938272
Nantong,2005-2008 average,157.32701626235294
Nantong,2009-2012 average,150.65231254705884
Nantong,2013-2016 average,151.62269197058825
Nantong,2017-2020 average,162.81485659882352
Nanyang,2005-2008 average,146.48223865891472
Nanyang,2009-2012 average,143.61359158178294
Nanyang,2013-2016 average,148.68547959806202
Nanyang,2017-2020 average,159.17941071395347
Naqu,2005-2008 average,226.2638062049132
Naqu,2009-2012 average,225.43665863395117
Naqu,2013-2016 average,227.89504318749633
Naqu,2017-2020 average,229.3098379233304
Neijiang,2005-2008 average,134.0758758361702
Neijiang,2009-2012 average,129.63360728936172
Neijiang,2013-2016 average,136.7034129893617
Neijiang,2017-2020 average,141.23501908723404
Ningbo,2005-2008 average,158.72075011538462
Ningbo,2009-2012 average,153.57443112564104
Ningbo,2013-2016 average,151.98851843205128
Ningbo,2017-2020 average,161.71907388846154
Ningde,2005-2008 average,157.59068769051726
Ningde,2009-2012 average,153.9476412827586
Ningde,2013-2016 average,154.2430511887931
Ningde,2017-2020 average,166.0184346215517
Nujianglisuzu,2005-2008 average,204.4687338828358
Nujianglisuzu,2009-2012 average,199.63372269104477
Nujianglisuzu,2013-2016 average,202.83552139701493
Nujianglisuzu,2017-2020 average,210.84891399104478
Panjin,2005-2008 average,145.86310707142857
Panjin,2009-2012 average,143.45345698285715
Panjin,2013-2016 average,148.04321259714285
Panjin,2017-2020 average,157.42064747142857
Panzhihua,2005-2008 average,199.06815076666666
Panzhihua,2009-2012 average,199.72428506349206
Panzhihua,2013-2016 average,204.5241273079365
Panzhihua,2017-2020 average,216.39745926349204
Pingdingshan,2005-2008 average,146.40375812399998
Pingdingshan,2009-2012 average,143.44712651733334
Pingdingshan,2013-2016 average,148.22031161733332
Pingdingshan,2017-2020 average,160.47670732133332
Pingliang,2005-2008 average,162.4259345314815
Pingliang,2009-2012 average,157.0880110212963
Pingliang,2013-2016 average,163.7769199398148
Pingliang,2017-2020 average,177.52693521203705
Pingxiang,2005-2008 average,145.54508011142858
Pingxiang,2009-2012 average,142.50717865714287
Pingxiang,2013-2016 average,143.6457734
Pingxiang,2017-2020 average,152.87574900285713
Puer,2005-2008 average,190.79224748268734
Puer,2009-2012 average,196.94859391963823
Puer,2013-2016 average,199.522015021447
Puer,2017-2020 average,206.8325516023256
Putian,2005-2008 average,166.087362471875
Putian,2009-2012 average,165.62878358125
Putian,2013-2016 average,165.5209125375
Putian,2017-2020 average,181.1954839625
Puyang,2005-2008 average,145.15105350930233
Puyang,2009-2012 average,141.4541014255814
Puyang,2013-2016 average,146.7681449767442
Puyang,2017-2020 average,162.8586765627907
Qiandongnanmiaozudongzu,2005-2008 average,140.28588771151078
Qiandongnanmiaozudongzu,2009-2012 average,136.769303876259
Qiandongnanmiaozudongzu,2013-2016 average,137.3371947266187
Qiandongnanmiaozudongzu,2017-2020 average,140.51862461870505
Qianjiang,2005-2008 average,150.039109
Qianjiang,2009-2012 average,146.1741854722222
Qianjiang,2013-2016 average,146.82702122777778
Qianjiang,2017-2020 average,157.20488527777778
Qiannanbuyizumiaozu,2005-2008 average,146.39281742638298
Qiannanbuyizumiaozu,2009-2012 average,143.0962787238298
Qiannanbuyizumiaozu,2013-2016 average,145.68114071702126
Qiannanbuyizumiaozu,2017-2020 average,147.5381023131915
Qianxinanbuyizumiaozu,2005-2008 average,161.31049382384106
Qianxinanbuyizumiaozu,2009-2012 average,159.0725628615894
Qianxinanbuyizumiaozu,2013-2016 average,164.54766258410595
Qianxinanbuyizumiaozu,2017-2020 average,166.93157515364237
Qingdao,2005-2008 average,146.8106869598131
Qingdao,2009-2012 average,144.7040236327103
Qingdao,2013-2016 average,149.9269266046729
Qingdao,2017-2020 average,161.05714848878503
Qingyang,2005-2008 average,168.0226333869403
Qingyang,2009-2012 average,164.56789942014925
Qingyang,2013-2016 average,171.3885957358209
Qingyang,2017-2020 average,184.4103534813433
Qingyuan,2005-2008 average,155.30074472721893
Qingyuan,2009-2012 average,153.97092838224853
Qingyuan,2013-2016 average,153.2695081704142
Qingyuan,2017-2020 average,164.65728849053252
Qinhuangdao,2005-2008 average,146.90022818875
Qinhuangdao,2009-2012 average,145.25039756125
Qinhuangdao,2013-2016 average,147.10091860125002
Qinhuangdao,2017-2020 average,159.520859985
Qinzhou,2005-2008 average,169.39047311182796
Qinzhou,2009-2012 average,167.62233553978496
Qinzhou,2013-2016 average,169.57530580215052
Qinzhou,2017-2020 average,174.45163868709676
Qionghai,2005-2008 average,199.3375539375
Qionghai,2009-2012 average,195.6342864875
Qionghai,2013-2016 average,203.46784156875
Qionghai,2017-2020 average,206.50164057499998
Qiongzhonglizuandmiaozu,2005-2008 average,193.31135084782608
Qiongzhonglizuandmiaozu,2009-2012 average,191.27391507391306
Qiongzhonglizuandmiaozu,2013-2016 average,198.79624442608696
Qiongzhonglizuandmiaozu,2017-2020 average,201.05366136086954
Qiqihaer,2005-2008 average,144.999716272888
Qiqihaer,2009-2012 average,145.65425424499017
Qiqihaer,2013-2016 average,145.26852741001963
Qiqihaer,2017-2020 average,148.3583652599214
Qitaihe,2005-2008 average,145.23432044153844
Qitaihe,2009-2012 average,143.3775757353846
Qitaihe,2013-2016 average,145.65796109846156
Qitaihe,2017-2020 average,146.76401460461537
Quanzhou,2005-2008 average,167.61178038061226
Quanzhou,2009-2012 average,168.6976430244898
Quanzhou,2013-2016 average,167.66230000714287
Quanzhou,2017-2020 average,183.07636405918367
Qujing,2005-2008 average,174.7520278505929
Qujing,2009-2012 average,176.1267707387352
Qujing,2013-2016 average,181.01253229407115
Qujing,2017-2020 average,188.99469668972333
Quzhou,2005-2008 average,149.86268026790123
Quzhou,2009-2012 average,148.21708050864197
Quzhou,2013-2016 average,146.6332513037037
Quzhou,2017-2020 average,156.20445421234567
Rikaze,2005-2008 average,237.58266375763222
Rikaze,2009-2012 average,236.60455201358172
Rikaze,2013-2016 average,239.58462327415867
Rikaze,2017-2020 average,239.50322227289664
Rizhao,2005-2008 average,147.91142688148147
Rizhao,2009-2012 average,146.9122611148148
Rizhao,2013-2016 average,151.42418747962964
Rizhao,2017-2020 average,162.53972234814813
Sanmenxia,2005-2008 average,151.896393625
Sanmenxia,2009-2012 average,148.313544103125
Sanmenxia,2013-2016 average,152.70393209166667
Sanmenxia,2017-2020 average,164.77239040625
Sanming,2005-2008 average,155.2909784892683
Sanming,2009-2012 average,156.20202237365854
Sanming,2013-2016 average,154.9061848707317
Sanming,2017-2020 average,167.30520069463415
Sanya,2005-2008 average,213.8096659
Sanya,2009-2012 average,211.651346875
Sanya,2013-2016 average,216.59261625625
Sanya,2017-2020 average,221.4888488625
Shanghai,2005-2008 average,157.22329450517242
Shanghai,2009-2012 average,151.64401372413792
Shanghai,2013-2016 average,151.03224551551722
Shanghai,2017-2020 average,161.7488563189655
Shangluo,2005-2008 average,147.09863709162303
Shangluo,2009-2012 average,143.93697450314136
Shangluo,2013-2016 average,149.04966464921466
Shangluo,2017-2020 average,156.2372189329843
Shangqiu,2005-2008 average,145.34547860560747
Shangqiu,2009-2012 average,142.81189767570092
Shangqiu,2013-2016 average,149.45715994953272
Shangqiu,2017-2020 average,163.45350870280373
Shangrao,2005-2008 average,151.4553142957547
Shangrao,2009-2012 average,149.57473155660378
Shangrao,2013-2016 average,148.84771373490565
Shangrao,2017-2020 average,158.49352106650946
Shannan,2005-2008 average,212.8844678959889
Shannan,2009-2012 average,209.3838372780083
Shannan,2013-2016 average,210.67382381507605
Shannan,2017-2020 average,213.24210795214384
Shantou,2005-2008 average,185.60988466470587
Shantou,2009-2012 average,187.13929745882353
Shantou,2013-2016 average,188.1745225411765
Shantou,2017-2020 average,204.6796920647059
Shanwei,2005-2008 average,179.33524591666668
Shanwei,2009-2012 average,181.21838889761906
Shanwei,2013-2016 average,180.5389674047619
Shanwei,2017-2020 average,196.10356334285711
Shaoguan,2005-2008 average,156.7959437654321
Shaoguan,2009-2012 average,156.50154876851852
Shaoguan,2013-2016 average,154.82906192839505
Shaoguan,2017-2020 average,167.57697116358025
Shaoxing,2005-2008 average,151.03844050405405
Shaoxing,2009-2012 average,146.50570558513513
Shaoxing,2013-2016 average,145.74901784324325
Shaoxing,2017-2020 average,154.4209949337838
Shaoyang,2005-2008 average,142.1241498042781
Shaoyang,2009-2012 average,139.07797074438503
Shaoyang,2013-2016 average,139.51863598502675
Shaoyang,2017-2020 average,146.32452848770052
Shennongjialin,2005-2008 average,144.30387733333333
Shennongjialin,2009-2012 average,141.75768725151514
Shennongjialin,2013-2016 average,146.69009236969697
Shennongjialin,2017-2020 average,150.48897191818182
Shenyang,2005-2008 average,146.19380800928573
Shenyang,2009-2012 average,143.41826391785716
Shenyang,2013-2016 average,148.47078201000002
Shenyang,2017-2020 average,157.75524781714287
Shenzhen,2005-2008 average,176.78203655625
Shenzhen,2009-2012 average,178.00687349375
Shenzhen,2013-2016 average,178.23633085625
Shenzhen,2017-2020 average,196.869244075
Shihezi,2005-2008 average,171.668533975
Shihezi,2009-2012 average,171.3398191
Shihezi,2013-2016 average,167.05528025
Shihezi,2017-2020 average,173.2146787
Shijiazhuang,2005-2008 average,144.39421517551023
Shijiazhuang,2009-2012 average,143.05714431292517
Shijiazhuang,2013-2016 average,143.28294409183673
Shijiazhuang,2017-2020 average,160.29151633877552
Shiyan,2005-2008 average,143.98019144061138
Shiyan,2009-2012 average,140.91004331441047
Shiyan,2013-2016 average,146.41082550611353
Shiyan,2017-2020 average,151.57622868995634
Shizuishan,2005-2008 average,174.14515960681817
Shizuishan,2009-2012 average,172.40049635454545
Shizuishan,2013-2016 average,175.37951713636363
Shizuishan,2017-2020 average,188.62547965454544
Shuanghe,2005-2008 average,172.63873032857143
Shuanghe,2009-2012 average,170.42239124285715
Shuanghe,2013-2016 average,169.0205621285714
Shuanghe,2017-2020 average,170.36153864285714
Shuangyashan,2005-2008 average,142.17934395348837
Shuangyashan,2009-2012 average,141.1744293600775
Shuangyashan,2013-2016 average,142.61440057093023
Shuangyashan,2017-2020 average,142.9466035244186
Shuozhou,2005-2008 average,170.63170539298247
Shuozhou,2009-2012 average,170.12423009385964
Shuozhou,2013-2016 average,173.91694178508772
Shuozhou,2017-2020 average,190.4413645745614
Siping,2005-2008 average,151.44816364017092
Siping,2009-2012 average,150.2175772196581
Siping,2013-2016 average,152.9314784820513
Siping,2017-2020 average,159.56678380341882
Songyuan,2005-2008 average,152.3201198264706
Songyuan,2009-2012 average,152.87390376092435
Songyuan,2013-2016 average,153.59420214285714
Songyuan,2017-2020 average,159.16767873193277
Suihua,2005-2008 average,143.37970419566264
Suihua,2009-2012 average,142.2114425920482
Suihua,2013-2016 average,142.47775250891567
Suihua,2017-2020 average,146.82227175638553
Suining,2005-2008 average,132.795522396
Suining,2009-2012 average,128.609608648
Suining,2013-2016 average,136.504322444
Suining,2017-2020 average,143.006030982
Suizhou,2005-2008 average,147.71473757096774
Suizhou,2009-2012 average,144.07535006881722
Suizhou,2013-2016 average,147.40681310430108
Suizhou,2017-2020 average,158.53407174301077
Suqian,2005-2008 average,141.04714200843375
Suqian,2009-2012 average,139.05851556746987
Suqian,2013-2016 average,141.6480466240964
Suqian,2017-2020 average,153.33076726385542
Suzhou,2005-2008 average,152.18145102080925
Suzhou,2009-2012 average,147.83551463063583
Suzhou,2013-2016 average,150.1947380369942
Suzhou,2017-2020 average,164.0678487450867
Tacheng,2005-2008 average,170.0241700642724
Tacheng,2009-2012 average,168.64552469934702
Tacheng,2013-2016 average,166.88045778955222
Tacheng,2017-2020 average,172.484239905597
Taian,2005-2008 average,145.8757406691358
Taian,2009-2012 average,142.81508932839506
Taian,2013-2016 average,148.51434111728395
Taian,2017-2020 average,163.3609748617284
Taiwansheng,2005-2008 average,185.89136218918918
Taiwansheng,2009-2012 average,185.8898982675676
Taiwansheng,2013-2016 average,188.73185167837838
Taiwansheng,2017-2020 average,200.98970496756758
Taiyuan,2005-2008 average,163.76691609142856
Taiyuan,2009-2012 average,161.82722053
Taiyuan,2013-2016 average,164.63547681714286
Taiyuan,2017-2020 average,181.3723386357143
Taizhou,2005-2008 average,156.39958393617022
Taizhou,2009-2012 average,151.9478943468085
Taizhou,2013-2016 average,152.09288196879433
Taizhou,2017-2020 average,161.87607831702127
Tangshan,2005-2008 average,144.77077186014492
Tangshan,2009-2012 average,143.02546545724636
Tangshan,2013-2016 average,144.3795585152174
Tangshan,2017-2020 average,157.65894034927535
Tianjin,2005-2008 average,139.1267945576271
Tianjin,2009-2012 average,137.3580932381356
Tianjin,2013-2016 average,137.6700421177966
Tianjin,2017-2020 average,152.06205083474575
Tianmen,2005-2008 average,150.83421338076923
Tianmen,2009-2012 average,147.0757537923077
Tianmen,2013-2016 average,148.44434233076925
Tianmen,2017-2020 average,160.00501625769232
Tianshui,2005-2008 average,160.3385074798611
Tianshui,2009-2012 average,154.30043502222222
Tianshui,2013-2016 average,160.5523734076389
Tianshui,2017-2020 average,171.74584467152778
Tieling,2005-2008 average,148.95178455244755
Tieling,2009-2012 average,146.44389953006993
Tieling,2013-2016 average,150.71289028321678
Tieling,2017-2020 average,158.82929296433565
Tiemenguan,2005-2008 average,182.47268118235294
Tiemenguan,2009-2012 average,180.34497019411765
Tiemenguan,2013-2016 average,180.16756032352941
Tiemenguan,2017-2020 average,186.27399398235295
Tongchuan,2005-2008 average,157.23372983157896
Tongchuan,2009-2012 average,154.0470485368421
Tongchuan,2013-2016 average,158.3796622
Tongchuan,2017-2020 average,171.72388291578946
Tonghua,2005-2008 average,147.26839470727273
Tonghua,2009-2012 average,145.0304534921212
Tonghua,2013-2016 average,149.90095231818182
Tonghua,2017-2020 average,156.54185037151515
Tongliao,2005-2008 average,159.5552272240909
Tongliao,2009-2012 average,158.84250298151514
Tongliao,2013-2016 average,159.92677462015152
Tongliao,2017-2020 average,167.58450423984848
Tongling,2005-2008 average,145.6607321857143
Tongling,2009-2012 average,142.22883889642858
Tongling,2013-2016 average,138.64130574285716
Tongling,2017-2020 average,152.0306981642857
Tongren,2005-2008 average,134.3637211923077
Tongren,2009-2012 average,129.89349696449705
Tongren,2013-2016 average,130.5314532153846
Tongren,2017-2020 average,133.7420635213018
Tulufan,2005-2008 average,183.99412432948887
Tulufan,2009-2012 average,182.73935025701178
Tulufan,2013-2016 average,182.71670876644825
Tulufan,2017-2020 average,190.99439982752295
Tumushuke,2005-2008 average,171.375969205
Tumushuke,2009-2012 average,169.36285621500002
Tumushuke,2013-2016 average,170.169204815
Tumushuke,2017-2020 average,174.66640048
Tunchang,2005-2008 average,191.9207769666667
Tunchang,2009-2012 average,189.4427670916667
Tunchang,2013-2016 average,196.99058920000002
Tunchang,2017-2020 average,199.60952596666667
Wanning,2005-2008 average,205.68449430588237
Wanning,2009-2012 average,202.31466580588236
Wanning,2013-2016 average,209.82667605882352
Wanning,2017-2020 average,214.45180615294117
Weifang,2005-2008 average,146.7188177173077
Weifang,2009-2012 average,143.52887287115385
Weifang,2013-2016 average,150.04429235320512
Weifang,2017-2020 average,162.19732629230768
Weihai,2005-2008 average,152.85580211698112
Weihai,2009-2012 average,150.51213811320756
Weihai,2013-2016 average,155.51591849622642
Weihai,2017-2020 average,165.49874916226415
Weinan,2005-2008 average,154.9081195984
Weinan,2009-2012 average,152.0544034544
Weinan,2013-2016 average,155.56958699199998
Weinan,2017-2020 average,167.9570241736
Wenchang,2005-2008 average,209.7039901368421
Wenchang,2009-2012 average,206.01013202105264
Wenchang,2013-2016 average,212.46850331052633
Wenchang,2017-2020 average,216.82082320526317
Wenshanzhuangzumiaozu,2005-2008 average,174.51306695126354
Wenshanzhuangzumiaozu,2009-2012 average,175.27650741732853
Wenshanzhuangzumiaozu,2013-2016 average,179.17085913862815
Wenshanzhuangzumiaozu,2017-2020 average,182.18605102166066
Wenzhou,2005-2008 average,158.05127366571426
Wenzhou,2009-2012 average,154.20657375714285
Wenzhou,2013-2016 average,153.96000641428571
Wenzhou,2017-2020 average,164.68220785714286
Wuhai,2005-2008 average,175.87697870625
Wuhai,2009-2012 average,174.212541275
Wuhai,2013-2016 average,177.89201467499998
Wuhai,2017-2020 average,195.18038395625
Wuhan,2005-2008 average,149.36952872179486
Wuhan,2009-2012 average,143.53898132051282
Wuhan,2013-2016 average,146.26589966666668
Wuhan,2017-2020 average,160.6148296628205
Wuhu,2005-2008 average,143.84784591071428
Wuhu,2009-2012 average,140.44284419285714
Wuhu,2013-2016 average,137.0853741035714
Wuhu,2017-2020 average,150.6362859267857
Wujiaqu,2005-2008 average,172.84113761
Wujiaqu,2009-2012 average,171.28262479
Wujiaqu,2013-2016 average,169.22059726
Wujiaqu,2017-2020 average,174.23939795
Wulanchabu,2005-2008 average,172.1963803519393
Wulanchabu,2009-2012 average,172.00015341163575
Wulanchabu,2013-2016 average,176.35386038937605
Wulanchabu,2017-2020 average,188.9341909470489
Wulumuqi,2005-2008 average,179.1283200436709
Wulumuqi,2009-2012 average,177.37296053544304
Wulumuqi,2013-2016 average,176.7056762544304
Wulumuqi,2017-2020 average,188.29889700696202
Wuwei,2005-2008 average,182.32671754332344
Wuwei,2009-2012 average,180.8347045026706
Wuwei,2013-2016 average,184.66449299198814
Wuwei,2017-2020 average,197.16604999139466
Wuxi,2005-2008 average,150.52120858095236
Wuxi,2009-2012 average,145.2190580857143
Wuxi,2013-2016 average,144.8025295785714
Wuxi,2017-2020 average,158.73360188571428
Wuzhishan,2005-2008 average,199.4445310625
Wuzhishan,2009-2012 average,198.4237455375
Wuzhishan,2013-2016 average,204.034364275
Wuzhishan,2017-2020 average,207.470525375
Wuzhong,2005-2008 average,177.78459583081394
Wuzhong,2009-2012 average,175.92020464186047
Wuzhong,2013-2016 average,181.42251473430233
Wuzhong,2017-2020 average,194.43599366802326
Wuzhou,2005-2008 average,158.80391993303573
Wuzhou,2009-2012 average,157.00788176785713
Wuzhou,2013-2016 average,158.52371186785714
Wuzhou,2017-2020 average,167.44380379196429
Xiamen,2005-2008 average,172.93758195
Xiamen,2009-2012 average,174.19471092499998
Xiamen,2013-2016 average,172.997872925
Xiamen,2017-2020 average,191.00640740000003
Xian,2005-2008 average,151.8173546939394
Xian,2009-2012 average,148.489345010101
Xian,2013-2016 average,152.37246773838385
Xian,2017-2020 average,162.0084025070707
Xiangtan,2005-2008 average,143.5467624782609
Xiangtan,2009-2012 average,138.9341771847826
Xiangtan,2013-2016 average,140.31645026956522
Xiangtan,2017-2020 average,150.33786451086957
Xiangxitujiazumiaozu,2005-2008 average,136.2357743557971
Xiangxitujiazumiaozu,2009-2012 average,131.91896223043477
Xiangxitujiazumiaozu,2013-2016 average,132.0922105985507
Xiangxitujiazumiaozu,2017-2020 average,136.07713243405797
Xiangyang,2005-2008 average,144.61255000578947
Xiangyang,2009-2012 average,142.00775356105262
Xiangyang,2013-2016 average,145.7920346968421
Xiangyang,2017-2020 average,155.65577939894737
Xianning,2005-2008 average,146.95347860113637
Xianning,2009-2012 average,141.82491490227272
Xianning,2013-2016 average,142.85046797727273
Xianning,2017-2020 average,152.7056677340909
Xiantao,2005-2008 average,149.94074088095238
Xiantao,2009-2012 average,144.78058242857142
Xiantao,2013-2016 average,147.66238096190477
Xiantao,2017-2020 average,159.00030172857143
Xianyang,2005-2008 average,154.43716399029125
Xianyang,2009-2012 average,151.53978568737864
Xianyang,2013-2016 average,156.09452556116506
Xianyang,2017-2020 average,168.05886541650486
Xiaogan,2005-2008 average,150.46004587831325
Xiaogan,2009-2012 average,145.66078400361445
Xiaogan,2013-2016 average,148.1160703240964
Xiaogan,2017-2020 average,160.90810375180723
Xilinguole,2005-2008 average,164.2277431053635
Xilinguole,2009-2012 average,164.7547371653369
Xilinguole,2013-2016 average,165.38313283958334
Xilinguole,2017-2020 average,175.28698427291667
Xingan,2005-2008 average,152.3048337522763
Xingan,2009-2012 average,152.09527650298273
Xingan,2013-2016 average,151.80542212574568
Xingan,2017-2020 average,158.43708410580845
Xingtai,2005-2008 average,145.70181334919354
Xingtai,2009-2012 average,142.60227959677417
Xingtai,2013-2016 average,145.1571313032258
Xingtai,2017-2020 average,163.36435956774196
Xining,2005-2008 average,188.93226162987014
Xining,2009-2012 average,186.03712358051948
Xining,2013-2016 average,194.06648181038963
Xining,2017-2020 average,209.46064637532467
Xinxiang,2005-2008 average,144.7671327
Xinxiang,2009-2012 average,139.29189922125
Xinxiang,2013-2016 average,144.48573779999998
Xinxiang,2017-2020 average,163.1014146025
Xinxing,2005-2008 average,183.97322395
Xinxing,2009-2012 average,183.41617295
Xinxing,2013-2016 average,179.61586236666665
Xinxing,2017-2020 average,185.47962516666666
Xinyang,2005-2008 average,147.6805804653409
Xinyang,2009-2012 average,143.63614572840908
Xinyang,2013-2016 average,146.9555810340909
Xinyang,2017-2020 average,160.07821619431817
Xinyu,2005-2008 average,147.12662803225805
Xinyu,2009-2012 average,143.8272464096774
Xinyu,2013-2016 average,144.31514668709679
Xinyu,2017-2020 average,154.21959665806452
Xinzhou,2005-2008 average,168.83969527644788
Xinzhou,2009-2012 average,168.4835920818533
Xinzhou,2013-2016 average,170.5459249876448
Xinzhou,2017-2020 average,187.77118285637067
Xishuangbannadaizu,2005-2008 average,194.85537305432098
Xishuangbannadaizu,2009-2012 average,200.49324207592593
Xishuangbannadaizu,2013-2016 average,202.3733111765432
Xishuangbannadaizu,2017-2020 average,207.85007648271608
Xuancheng,2005-2008 average,150.3268225026316
Xuancheng,2009-2012 average,146.92771682368422
Xuancheng,2013-2016 average,143.10049831140353
Xuancheng,2017-2020 average,154.9451675403509
Xuchang,2005-2008 average,145.10890448695653
Xuchang,2009-2012 average,141.9979944695652
Xuchang,2013-2016 average,147.06786816304347
Xuchang,2017-2020 average,161.17691291739132
Xuzhou,2005-2008 average,143.86625468288287
Xuzhou,2009-2012 average,141.79272754954954
Xuzhou,2013-2016 average,147.4269587954955
Xuzhou,2017-2020 average,161.6036284045045
Yaan,2005-2008 average,159.2935453699301
Yaan,2009-2012 average,156.43524394895104
Yaan,2013-2016 average,159.22404577412587
Yaan,2017-2020 average,164.1002607972028
Yanan,2005-2008 average,163.24483645862068
Yanan,2009-2012 average,160.65699587427056
Yanan,2013-2016 average,166.86466206923077
Yanan,2017-2020 average,181.46985482970823
Yanbianchaoxianzu,2005-2008 average,146.69806093438154
Yanbianchaoxianzu,2009-2012 average,143.45903630314467
Yanbianchaoxianzu,2013-2016 average,146.89128894046124
Yanbianchaoxianzu,2017-2020 average,153.06661732138363
Yancheng,2005-2008 average,166.78358420985916
Yancheng,2009-2012 average,162.85716679366197
Yancheng,2013-2016 average,166.94099141760563
Yancheng,2017-2020 average,175.79878857676056
Yangjiang,2005-2008 average,173.504319075
Yangjiang,2009-2012 average,170.85013660735294
Yangjiang,2013-2016 average,174.50612844558825
Yangjiang,2017-2020 average,182.91682850441177
Yangquan,2005-2008 average,155.87011930434784
Yangquan,2009-2012 average,153.28491772173913
Yangquan,2013-2016 average,153.18338384347825
Yangquan,2017-2020 average,168.12614172173915
Yangzhou,2005-2008 average,155.9056759078125
Yangzhou,2009-2012 average,152.174511815625
Yangzhou,2013-2016 average,154.220236303125
Yangzhou,2017-2020 average,164.675710228125
Yantai,2005-2008 average,151.68905870863307
Yantai,2009-2012 average,149.0235943992806
Yantai,2013-2016 average,154.1676371323741
Yantai,2017-2020 average,165.9541253971223
Yibin,2005-2008 average,132.43562211322313
Yibin,2009-2012 average,127.6743767892562
Yibin,2013-2016 average,133.09715890661155
Yibin,2017-2020 average,137.49972003636364
Yichang,2005-2008 average,141.6539783142132
Yichang,2009-2012 average,138.5238202964467
Yichang,2013-2016 average,140.6180466137056
Yichang,2017-2020 average,147.64428343807106
Yichun,2005-2008 average,139.91668603499113
Yichun,2009-2012 average,137.95982167335703
Yichun,2013-2016 average,136.79573108952042
Yichun,2017-2020 average,142.16119585825933
Yilihasake,2005-2008 average,176.2043222141215
Yilihasake,2009-2012 average,174.81312313234812
Yilihasake,2013-2016 average,174.72132400295567
Yilihasake,2017-2020 average,184.77055071576353
Yinchuan,2005-2008 average,177.52458061780823
Yinchuan,2009-2012 average,176.21777549041096
Yinchuan,2013-2016 average,180.6750155821918
Yinchuan,2017-2020 average,194.79384976438357
Yingkou,2005-2008 average,148.1820940403846
Yingkou,2009-2012 average,146.5967116923077
Yingkou,2013-2016 average,151.35285199230768
Yingkou,2017-2020 average,161.31899740576924
Yingtan,2005-2008 average,150.09180493939394
Yingtan,2009-2012 average,149.12472616666668
Yingtan,2013-2016 average,151.38370194848486
Yingtan,2017-2020 average,160.58288857878787
Yiyang,2005-2008 average,142.36831064173913
Yiyang,2009-2012 average,137.72651505652172
Yiyang,2013-2016 average,138.2898517721739
Yiyang,2017-2020 average,146.5237684747826
Yongzhou,2005-2008 average,146.62715405074627
Yongzhou,2009-2012 average,144.88320709203978
Yongzhou,2013-2016 average,144.96193346119404
Yongzhou,2017-2020 average,154.02999745820895
Yueyang,2005-2008 average,145.39496098985506
Yueyang,2009-2012 average,140.39028993623188
Yueyang,2013-2016 average,141.6363653442029
Yueyang,2017-2020 average,151.32389997608695
Yulin,2005-2008 average,171.98326390308532
Yulin,2009-2012 average,170.26999494482757
Yulin,2013-2016 average,174.85999480108893
Yulin,2017-2020 average,188.683000953902
Yuncheng,2005-2008 average,153.92297290352113
Yuncheng,2009-2012 average,149.70914833309857
Yuncheng,2013-2016 average,153.29933817394365
Yuncheng,2017-2020 average,167.98508241760564
Yunfu,2005-2008 average,163.6452495238806
Yunfu,2009-2012 average,161.13994612835822
Yunfu,2013-2016 average,163.78159632089555
Yunfu,2017-2020 average,174.25490262238807
Yushuzangzu,2005-2008 average,217.95658472822177
Yushuzangzu,2009-2012 average,217.6752080621878
Yushuzangzu,2013-2016 average,220.84699519085913
Yushuzangzu,2017-2020 average,223.51308873251747
Yuxi,2005-2008 average,188.9403735164179
Yuxi,2009-2012 average,194.23483625522388
Yuxi,2013-2016 average,198.28855809552238
Yuxi,2017-2020 average,207.00073227089553
Zaozhuang,2005-2008 average,144.76525388723405
Zaozhuang,2009-2012 average,143.15904933829788
Zaozhuang,2013-2016 average,149.79329801702127
Zaozhuang,2017-2020 average,163.4966340638298
Zhangjiajie,2005-2008 average,136.5761087505618
Zhangjiajie,2009-2012 average,133.2768696707865
Zhangjiajie,2013-2016 average,134.35437245955055
Zhangjiajie,2017-2020 average,138.60873856404496
Zhangjiakou,2005-2008 average,167.16659361902313
Zhangjiakou,2009-2012 average,166.5382642048843
Zhangjiakou,2013-2016 average,169.16351298303343
Zhangjiakou,2017-2020 average,184.5841790670951
Zhangye,2005-2008 average,187.96390666029777
Zhangye,2009-2012 average,186.7377386272953
Zhangye,2013-2016 average,191.47638557295286
Zhangye,2017-2020 average,205.25624943920596
Zhangzhou,2005-2008 average,170.22871777272726
Zhangzhou,2009-2012 average,172.2008914418182
Zhangzhou,2013-2016 average,171.63122605454546
Zhangzhou,2017-2020 average,187.91159633636363
Zhanjiang,2005-2008 average,191.3664556821782
Zhanjiang,2009-2012 average,187.7126787237624
Zhanjiang,2013-2016 average,192.66108255148515
Zhanjiang,2017-2020 average,198.94254129702972
Zhaoqing,2005-2008 average,157.64327014661652
Zhaoqing,2009-2012 average,155.436424943609
Zhaoqing,2013-2016 average,157.87545514511277
Zhaoqing,2017-2020 average,169.07570856616542
Zhaotong,2005-2008 average,151.68131512966508
Zhaotong,2009-2012 average,150.52171621961722
Zhaotong,2013-2016 average,153.38566912440191
Zhaotong,2017-2020 average,157.94245967607657
Zhengzhou,2005-2008 average,146.68236128987343
Zhengzhou,2009-2012 average,141.89150027974685
Zhengzhou,2013-2016 average,147.2364365
Zhengzhou,2017-2020 average,161.7207271227848
Zhenjiang,2005-2008 average,142.56853015405403
Zhenjiang,2009-2012 average,139.3715898
Zhenjiang,2013-2016 average,140.0983419945946
Zhenjiang,2017-2020 average,153.07921056486487
Zhongshan,2005-2008 average,189.64027881250001
Zhongshan,2009-2012 average,188.38523844374998
Zhongshan,2013-2016 average,189.79689123125002
Zhongshan,2017-2020 average,201.06034619375
Zhongwei,2005-2008 average,179.1978021652174
Zhongwei,2009-2012 average,176.34560717391304
Zhongwei,2013-2016 average,182.28649667536232
Zhongwei,2017-2020 average,195.28991529275362
Zhoukou,2005-2008 average,146.41934691351352
Zhoukou,2009-2012 average,143.7699036126126
Zhoukou,2013-2016 average,149.45371999099098
Zhoukou,2017-2020 average,163.32522217657657
Zhoushan,2005-2008 average,172.6387267375
Zhoushan,2009-2012 average,167.008292325
Zhoushan,2013-2016 average,164.6402633875
Zhoushan,2017-2020 average,176.00870965
Zhuhai,2005-2008 average,191.17505847777778
Zhuhai,2009-2012 average,190.20485833333333
Zhuhai,2013-2016 average,192.41601842222224
Zhuhai,2017-2020 average,204.11141725555555
Zhumadian,2005-2008 average,147.95146062585033
Zhumadian,2009-2012 average,144.82881261156462
Zhumadian,2013-2016 average,148.93499658095237
Zhumadian,2017-2020 average,161.44212670544218
Zhuzhou,2005-2008 average,146.05940375849056
Zhuzhou,2009-2012 average,143.2783418754717
Zhuzhou,2013-2016 average,144.6008686518868
Zhuzhou,2017-2020 average,153.80706080849058
Zibo,2005-2008 average,144.8242179419355
Zibo,2009-2012 average,140.9491018467742
Zibo,2013-2016 average,146.28140252419354
Zibo,2017-2020 average,161.7599659016129
Zigong,2005-2008 average,132.6643027175
Zigong,2009-2012 average,127.75454218499999
Zigong,2013-2016 average,134.6985882925
Zigong,2017-2020 average,139.916846665
Ziyang,2005-2008 average,134.3212420574074
Ziyang,2009-2012 average,129.72564712962964
Ziyang,2013-2016 average,137.52598039814814
Ziyang,2017-2020 average,142.04713626666666
Zunyi,2005-2008 average,129.8559693540636
Zunyi,2009-2012 average,125.75594878162545
Zunyi,2013-2016 average,127.90861380812721
Zunyi,2017-2020 average,130.9466691236749
